{
  "nTraj": 500,
  "freqMax": 0.5,
  "freqMin": 0.3,
  "ampMax": 0.5,
  "ampMin": 0.3,
  "ampRatioMax": 1.5,
  "ampRatioMin": 0.5,
  "orientationMax": 20,
  "orientationMin": -20,
  "shiftMax": 1.5707963267948966,
  "shiftMin": -1.5707963267948966,
  "Ts": 0.05,
  "m": 1,
  "g": 9.81,
  "I": 0.15,
  "xMax": 0.9,
  "zMax": 0.9,
  "thetaMax": 0.6108652381980153,
  "thetaMinAmp": 0.17453292519943295,
  "thetaDotMax": 4.3633231299858233,
  "predictionHorizon": 12,
  "controlHorizon": 5,
  "timestamp": "2025-12-12T09:12:50"
}